<?xml version="1.0" encoding="UTF-8"?>
<beans xmlns="http://www.springframework.org/schema/beans"
	xmlns:xsi="http://www.w3.org/2001/XMLSchema-instance" xmlns:context="http://www.springframework.org/schema/context"
	xmlns:p="http://www.springframework.org/schema/p" xmlns:util="http://www.springframework.org/schema/util" xmlns:tx="http://www.springframework.org/schema/tx"
	xsi:schemaLocation="http://www.springframework.org/schema/beans 
        http://www.springframework.org/schema/beans/spring-beans-2.5.xsd
        http://www.springframework.org/schema/aop 
        http://www.springframework.org/schema/aop/spring-aop-2.5.xsd
        http://cxf.apache.org/simple http://cxf.apache.org/schemas/simple.xsd
        http://www.springframework.org/schema/util http://www.springframework.org/schema/util/spring-util-2.5.xsd
        http://www.springframework.org/schema/context http://www.springframework.org/schema/context/spring-context-3.0.xsd">



	<bean class=" org.springframework.jdbc.datasource.DriverManagerDataSource"
		id="dmds">
		<property name="driverClassName" value="org.postgresql.Driver"></property>
		<property name="url" value="jdbc:postgresql://chola:5432/postgres"></property>
		<property name="username" value="postgres"></property>
		<property name="password" value="postgres"></property>
	</bean>
	<!-- <bean id="transactionManager" class="org.springframework.orm.hibernate4.HibernateTransactionManager"> 
		<property name="dataSource" ref="dataSource" /> <property name="sessionFactory" 
		ref="sessionFactory" /> </bean> -->
	<!-- <bean class="org.springframework.orm.hibernate3.annotation.AnnotationSessionFactoryBean" 
		id="sessionFactory"> -->
	<bean class="org.springframework.orm.hibernate4.LocalSessionFactoryBean"
		id="sessionFactory">
		<property name="dataSource" ref="dmds" />
		<property name="hibernateProperties">
			<props>
				<prop key="hibernate.dialect">org.hibernate.dialect.PostgreSQLDialect</prop>
				<prop key="hibernate.show_sql">true</prop>
				<prop key="hibernate.hbm2ddl.auto">create</prop>
				<!-- <prop key="hibernate.format_sql">true</prop> -->
			</props>
		</property>
		<property name="mappingResources">
			<list>
				<value>com/sample/stocktrading/client/StockPrice.hbm.xml</value>
				<!-- <value>com/sample/stocktrading/client/SignUpPage.hbm.xml</value> -->
			</list>
		</property>
	</bean>
	<bean class=" org.springframework.orm.hibernate4.HibernateTemplate"
		id="hibernateTemplate">
		<property name="sessionFactory" ref="sessionFactory" />
		<property name="checkWriteOperations" value="false" />
	</bean>
	<bean id="transactionManager"
		class="org.springframework.orm.hibernate4.HibernateTransactionManager">
		<property name="sessionFactory" ref="sessionFactory" />
	</bean>

	<bean class="com.sample.stocktrading.server.StockPriceDaoImpl" id="stockservicedao">
		<property name="hibernateTemplate" ref="hibernateTemplate" />
		<property name="sessionFactory" ref="sessionFactory" />
		
	</bean>

	<!-- <bean class="com.sample.stocktrading.server.SignUpPageDaoImpl" id="signuppagedao"> 
		<property name="ht" ref="hibernateTemplate"></property> </bean> -->

	<!-- serviceimpl bean -->
	<bean class="com.sample.stocktrading.server.StockPriceServiceImpl"
		id="stockPrice">
		<property name="stockdao" ref="stockservicedao" />
	</bean>
	<!-- <bean class="com.sample.stocktrading.server.SignUpPageServiceImpl" 
		id="signUpPage"> <property name="signupdao" ref="signuppagedao"></property> 
		</bean> -->



	<util:map id="serviceURLMapper" key-type="java.lang.String"
		value-type="com.google.gwt.user.client.rpc.RemoteService">
		<entry key="/stockPrice" value-ref="stockPrice" />
		<!-- <entry key="/signUpPage" value-ref="signUpPage"/> -->
	</util:map>

</beans>