<?xml version="1.0" encoding="UTF-8"?>

 <beans xmlns = "http://www.springframework.org/schema/beans"
   xmlns:xsi = "http://www.w3.org/2001/XMLSchema-instance"
    xmlns:context="http://www.springframework.org/schema/context"
    xmlns:p="http://www.springframework.org/schema/p"
    
  xmlns:util="http://www.springframework.org/schema/util"	
	xsi:schemaLocation="http://www.springframework.org/schema/beans 
        http://www.springframework.org/schema/beans/spring-beans-2.5.xsd
        http://www.springframework.org/schema/aop 
        http://www.springframework.org/schema/aop/spring-aop-2.5.xsd
        http://cxf.apache.org/simple http://cxf.apache.org/schemas/simple.xsd
        http://www.springframework.org/schema/util http://www.springframework.org/schema/util/spring-util-2.5.xsd
        http://www.springframework.org/schema/context http://www.springframework.org/schema/context/spring-context-3.0.xsd">
        
        <context:annotation-config/>
        
 
   <!-- 
    <bean id="propertyConfigurer" class="org.springframework.beans.factory.config.PropertyPlaceholderConfigurer">
        <property name="locations">
            <list>
                <value>/WEB-INF/db.properties</value>
            </list>
        </property>
    </bean>

 <bean class=" org.springframework.jdbc.datasource.DriverManagerDataSource"  id="dmds">
<property name="driverClassName" value="${postgresql_driverClassName}"></property>
<property name="url" value="${postgresql_url}"></property>
<property name="username" value="${postgresql_userName}"></property>
<property name="password" value="${postgresql_password}"></property>
</bean> -->


<bean class="org.springframework.jdbc.datasource.DriverManagerDataSource" id="dataSource">
<property value="org.postgresql.Driver" name="driverClassName"/>
<property value="jdbc:postgresql://chola:5432/Test" name="url"/>
<property value="postgres" name="username"/>
<property value="postgres" name="password"/>
</bean>


<!-- hibernate config file -->
  <bean class="org.springframework.orm.hibernate3.annotation.AnnotationSessionFactoryBean" id="asfb">  
   <!--  <bean class="org.springframework.orm.hibernate3.LocalSessionFactoryBean" id="asfb">  --> 
<property name="dataSource" ref="dataSource"/>
<property name="hibernateProperties">
<props>
<prop key="hibernate.dialect">org.hibernate.dialect.PostgreSQLDialect</prop>
<prop key="hibernate.show_sql">true</prop>
<prop key="hibernate.hbm2ddl.auto">create</prop>
<!-- <prop key="hibernate.format_sql">true</prop> -->
</props>
</property>
<property name="annotatedClasses">
<list>
<value>com.google.gwt.stocktrader.client.StockPrice</value>
    </list>
</property>
</bean>

  
<!-- hibernate template -->
<bean class=" org.springframework.orm.hibernate3.HibernateTemplate" id="Template">
<property name="sessionFactory" ref="asfb"/>
</bean>

<!-- Daoimpl bean -->
   <bean class="com.google.gwt.stocktrader.server.StockPriceDaoImpl"  id="stockservicedao" > 
       <property name="hibernateTemplate" ref="Template"/>  
    </bean> 
    
    
    

  <!--  serviceimpl bean -->
<bean class="com.google.gwt.stocktrader.server.StockPriceServiceImpl" id="stockPrice" >
<property name="stockdao" ref="stockservicedao"/>   
</bean>  


<!-- <bean id="stockPriceService" class="com.samplegwt.StockTrading.server.StockPriceServiceImpl"/> -->
<util:map id="serviceURLMapper" key-type="java.lang.String" value-type="com.google.gwt.user.client.rpc.RemoteService">
	<entry key="/stockPrice" value-ref="stockPrice"/>
</util:map>
 
 
 
 </beans> 