<beans xmlns="http://www.springframework.org/schema/beans"
	xmlns:xsi="http://www.w3.org/2001/XMLSchema-instance" xmlns:p="http://www.springframework.org/schema/p"
	xmlns:aop="http://www.springframework.org/schema/aop" xmlns:context="http://www.springframework.org/schema/context"
	 xmlns:tx="http://www.springframework.org/schema/tx"
	xsi:schemaLocation="
	            http://www.springframework.org/schema/aop http://www.springframework.org/schema/aop/spring-aop-3.0.xsd
	            http://www.springframework.org/schema/beans http://www.springframework.org/schema/beans/spring-beans-3.0.xsd
	            http://www.springframework.org/schema/context http://www.springframework.org/schema/context/spring-context-3.0.xsd
	            http://www.springframework.org/schema/tx http://www.springframework.org/schema/tx/spring-tx-3.0.xsd">

	<context:annotation-config />

	<tx:annotation-driven />

	<context:component-scan base-package="de.chieukam.tutorial" />

	<bean class="org.springframework.orm.jpa.LocalEntityManagerFactoryBean" id="entityManagerFactory">
		<property name="persistenceUnitName" value="MyPUnit" />
	</bean>

	<bean class="org.springframework.orm.jpa.JpaTransactionManager" id="transactionManager">
		<property name="entityManagerFactory" ref="entityManagerFactory" />
	</bean>

</beans>