<?xml version="1.0" encoding="UTF-8"?>
<!DOCTYPE hibernate-mapping PUBLIC
"-//Hibernate/Hibernate Mapping DTD 3.0//EN"
"http://hibernate.sourceforge.net/hibernate-mapping-3.0.dtd">
<hibernate-mapping>
<class name="com.sample.stocktrading.client.StockPrice" table="stock_price">
    <id name = "id" type = "int" column = "id">
         <generator class="native">
         	<param name="sequence">stockprice_id_seq</param> 
         </generator>
      </id>
<property name="symbol" type="string" column="symbol" />
<property name="price" type="double" column="price" />
<property name="change" type="double" column="change" />
</class>
</hibernate-mapping>