<?xml version="1.0" encoding="UTF-8" ?>
<!DOCTYPE log4j:configuration SYSTEM "log4j.dtd">
<log4j:configuration xmlns:log4j="http://jakarta.apache.org/log4j/">

	<!-- Standard out  -->
	<appender name="A1" class="org.apache.log4j.ConsoleAppender">
		<layout class="org.apache.log4j.PatternLayout">
			<!-- Print the date in ISO 8601 format -->
			<param name="ConversionPattern" value="%d [%t] %-5p %c - %m%n" />
		</layout>
	</appender>
	<logger name="org.springframework.web.context.ContextLoader">
		<!-- Print only messages of level warn or above in the package com.foo -->
		<level value="warn" />
	</logger>
	<root>
		<priority value="debug" />
		<appender-ref ref="A1" />
	</root>
</log4j:configuration>